{"tokens": ["the", "most", "delicious", "steak", "i", "'", "ve", "ever", "had", "!", "also", "the", "most", "expensive", ",", "but", "it", "was", "totally", "worth", "it", ".", "our", "waiter", "was", "incredible", ",", "as", "was", "his", "assistant", ",", "and", "we", "loved", "the", "vibe", "of", "the", "restaurant", ".", "not", "too", "stuff", "##y", ",", "really", "fun", ",", "great", "cocktail", "##s", ".", "if", "i", "'", "m", "ever", "back", "in", "vegas", ",", "i", "'", "d", "love", "to", "return", "."], "hat": [0, 0, 1, 0, 0, 0, 0, 0, 0, 0, 0, 0, 0, 0, 0, 0, 0, 0, 0, 1, 1, 0, 0, 0, 0, 1, 0, 0, 0, 0, 0, 0, 0, 0, 1, 0, 1, 0, 0, 0, 0, 0, 0, 0, 0, 0, 1, 1, 0, 1, 0, 0, 0, 0, 0, 0, 0, 0, 0, 0, 0, 0, 0, 0, 0, 1, 0, 0, 0], "slalom_scores": [-1.6700140237808228, -1.0202981233596802, 4.515227794647217, -0.22037458419799805, -1.7423092126846313, -0.5475810766220093, -0.522391676902771, 0.02495598793029785, -0.9803744554519653, 0, 0.8925740122795105, -1.6700140237808228, -1.0202981233596802, -0.7174849510192871, 0, -0.4264652729034424, -1.1327863931655884, 0.963802695274353, -0.8076659440994263, 0.7434263229370117, -1.1327863931655884, 0, -0.335274338722229, -0.43788111209869385, 0.963802695274353, -0.6690456867218018, 0, 0.44703662395477295, 0.963802695274353, -0.6791447401046753, -0.43244969844818115, 0, -1.0562740564346313, -0.1251291036605835, 1.0672714710235596, -1.6700140237808228, -1.1017037630081177, -0.7176949977874756, -1.6700140237808228, -1.1376835107803345, 0, 3.1404366493225098, -0.11462962627410889, -0.39491307735443115, -0.2905358076095581, 0, -0.8015199899673462, -0.05780982971191406, 0, 4.454724311828613, 0.35190796852111816, -0.8977295160293579, 0, -0.1883535385131836, -1.7423092126846313, -0.5475810766220093, -0.5304200649261475, 0.02495598793029785, -0.5935444831848145, -0.8965772390365601, 2.2257728576660156, 0, -1.7423092126846313, -0.5475810766220093, -0.18055307865142822, 4.061182022094727, -0.8818145990371704, -0.5798908472061157, 0]}